epoch,loss,lr,mean_absolute_error,mean_squared_error,val_loss,val_mean_absolute_error,val_mean_squared_error
0,351.784621429,0.1,9.72607733409,122.811216378,61.912153244,4.46783638,26.2119569778
1,156.008666229,0.1,8.95610570908,114.30188206,74.6936187744,7.36999392509,60.5668058395
